{
  "providers": [
    {
      "type": "bitmap",
      "file": "minecraft:jquest/red.png",
      "ascent": 12,
      "height": 16,
      "chars": [
        "\uE001"
      ]
    },
    {
      "type": "bitmap",
      "file": "minecraft:jquest/blue.png",
      "ascent": 12,
      "height": 16,
      "chars": [
        "\uE002"
      ]
    },
    {
      "type": "bitmap",
      "file": "minecraft:jquest/green.png",
      "ascent": 12,
      "height": 16,
      "chars": [
        "\uE003"
      ]
    },
    {
      "type": "bitmap",
      "file": "minecraft:jquest/black.png",
      "ascent": 12,
      "height": 16,
      "chars": [
        "\uE004"
      ]
    },
    {
      "type": "bitmap",
      "file": "minecraft:jquest/gray.png",
      "ascent": 12,
      "height": 16,
      "chars": [
        "\uE005"
      ]
    },
    {
      "type": "bitmap",
      "file": "minecraft:jquest/pink.png",
      "ascent": 12,
      "height": 16,
      "chars": [
        "\uE006"
      ]
    },
    {
      "type": "bitmap",
      "file": "minecraft:jquest/magenta.png",
      "ascent": 12,
      "height": 16,
      "chars": [
        "\uE007"
      ]
    },
    {
      "type": "bitmap",
      "file": "minecraft:jquest/yellow.png",
      "ascent": 12,
      "height": 16,
      "chars": [
        "\uE008"
      ]
    },
    {
      "type": "bitmap",
      "file": "minecraft:jquest/orange.png",
      "ascent": 12,
      "height": 16,
      "chars": [
        "\uE009"
      ]
    },
    {
      "type": "bitmap",
      "file": "minecraft:jquest/purple.png",
      "ascent": 12,
      "height": 16,
      "chars": [
        "\uE00A"
      ]
    },
    {
      "type": "bitmap",
      "file": "minecraft:jquest/white-line.png",
      "ascent": 10,
      "height": 3,
      "chars": [
        "\uE010"
      ]
    },
    {
      "type": "bitmap",
      "file": "minecraft:jquest/orange-line.png",
      "ascent": 10,
      "height": 3,
      "chars": [
        "\uE011"
      ]
    },
    {
      "type": "bitmap",
      "file": "minecraft:jquest/yellow-line.png",
      "ascent": 10,
      "height": 3,
      "chars": [
        "\uE012"
      ]
    },
    {
      "type": "space",
      "advances": {
        "\uE101": -1,
        "\uE102": -2,
        "\uE104": -4,
        "\uE108": -8,
        "\uE110": -16,
        "\uE120": -32,
        "\uE140": -64,
        "\uE180": -128,
        "\uE1FF": -256
      }
    }
  ]
}
