{
  "providers": [
    {
      "type": "bitmap",
      "file": "minecraft:jquest/red_background.png",
      "ascent": 8,
      "height": 10,
      "chars": [
        "\uF821"
      ]
    },
    {
      "type": "space",
      "advances": {
        "\uF801": -1,
        "\uF802": -2,
        "\uF803": -3,
        "\uF804": -4,
        "\uF805": -5,
        "\uF806": -6,
        "\uF807": -7,
        "\uF808": -8,
        "\uF810": -16,
        "\uF820": -32,
        "\uF840": -64,
        "\uF880": -128,
        "\uF8FF": -256
      }
    }
  ]
}
