{
  "providers": [
    {
      "type": "bitmap",
      "file": "minecraft:jquest/red.png",
      "ascent": 8,
      "height": 16,
      "chars": [
        "\uF821"
      ]
    },
    {
      "type": "bitmap",
      "file": "minecraft:jquest/blue.png",
      "ascent": 8,
      "height": 16,
      "chars": [
        "\uF822"
      ]
    },
    {
      "type": "bitmap",
      "file": "minecraft:jquest/green.png",
      "ascent": 8,
      "height": 16,
      "chars": [
        "\uF823"
      ]
    },
    {
      "type": "bitmap",
      "file": "minecraft:jquest/black.png",
      "ascent": 8,
      "height": 16,
      "chars": [
        "\uF824"
      ]
    },
    {
      "type": "bitmap",
      "file": "minecraft:jquest/gray.png",
      "ascent": 8,
      "height": 16,
      "chars": [
        "\uF825"
      ]
    },
    {
      "type": "bitmap",
      "file": "minecraft:jquest/pink.png",
      "ascent": 8,
      "height": 16,
      "chars": [
        "\uF826"
      ]
    },
    {
      "type": "bitmap",
      "file": "minecraft:jquest/magenta.png",
      "ascent": 8,
      "height": 16,
      "chars": [
        "\uF827"
      ]
    },
    {
      "type": "bitmap",
      "file": "minecraft:jquest/yellow.png",
      "ascent": 8,
      "height": 16,
      "chars": [
        "\uF828"
      ]
    },
    {
      "type": "bitmap",
      "file": "minecraft:jquest/orange.png",
      "ascent": 8,
      "height": 16,
      "chars": [
        "\uF829"
      ]
    },
    {
      "type": "bitmap",
      "file": "minecraft:jquest/purple.png",
      "ascent": 8,
      "height": 16,
      "chars": [
        "\uF82A"
      ]
    },
    {
      "type": "bitmap",
      "file": "minecraft:jquest/white-line.png",
      "ascent": 8,
      "height": 3,
      "chars": [
        "\uF830"
      ]
    },
    {
      "type": "bitmap",
      "file": "minecraft:jquest/orange-line.png",
      "ascent": 8,
      "height": 3,
      "chars": [
        "\uF831"
      ]
    },
    {
      "type": "bitmap",
      "file": "minecraft:jquest/yellow-line.png",
      "ascent": 8,
      "height": 3,
      "chars": [
        "\uF832"
      ]
    },
    {
      "type": "space",
      "advances": {
        "\uF801": -1,
        "\uF802": -2,
        "\uF803": -3,
        "\uF804": -4,
        "\uF805": -5,
        "\uF806": -6,
        "\uF807": -7,
        "\uF808": -8,
        "\uF810": -16,
        "\uF820": -32,
        "\uF840": -64,
        "\uF880": -128,
        "\uF8FF": -256
      }
    }
  ]
}
